PAT_MRN_ID|FACILITY_ID|ENCOUNTER_ID|ENCOUNTER_CLASS_CODE|ENCOUNTER_CLASS_CODE_DESCRIPTION|ENCOUNTER_CLASS_CODE_SYSTEM|ENCOUNTER_STATUS_CODE|ENCOUNTER_STATUS_CODE_DESCRIPTION|ENCOUNTER_STATUS_CODE_SYSTEM|ENCOUNTER_TYPE_CODE|ENCOUNTER_TYPE_CODE_DESCRIPTION|ENCOUNTER_TYPE_CODE_SYSTEM|SCREENING_STATUS_CODE|SCREENING_STATUS_CODE_DESCRIPTION|SCREENING_STATUS_CODE_SYSTEM|SCREENING_CODE|SCREENING_CODE_DESCRIPTION|SCREENING_CODE_SYSTEM_NAME|RECORDED_TIME|QUESTION_CODE|QUESTION_CODE_DESCRIPTION|QUESTION_CODE_SYSTEM_NAME|UCUM_UNITS|SDOH_DOMAIN|PARENT_QUESTION_CODE|ANSWER_CODE|ANSWER_CODE_DESCRIPTION|ANSWER_CODE_SYSTEM_NAME|POTENTIAL_NEED_INDICATED
healthelink-testcase1-MRN1|CNYSCN|healthelinkCZ8BSG71LI1CC|IMP|inpatient encounter|http://terminology.hl7.org/CodeSystem/v3-ActCode|entered-in-error|Entered in Error|http://hl7.org/fhir/encounter-status|23918007|History taking, self-administered, by computer terminal|http://snomed.info/sct|amended|Amended|http://hl7.org/fhir/observation-status|96777-8|Accountable health communities (AHC) health-related social needs screening (HRSN) tool|http://loinc.org|1999-03-18T20:20:51.539131-03:00|71802-3|What is your living situation today?|http://loinc.org||Homelessness, Housing Instability||LA31995-6|I do not have a steady place to live (I am temporarily staying with others, in a hotel, in a shelter, living outside on the street, on a beach, in a car, abandoned building, bus or train station, or in a park)|http://loinc.org|Yes
healthelink-testcase1-MRN1|CNYSCN|healthelinkCZ8BSG71LI1CC|IMP|inpatient encounter|http://terminology.hl7.org/CodeSystem/v3-ActCode|entered-in-error|Entered in Error|http://hl7.org/fhir/encounter-status|23918007|History taking, self-administered, by computer terminal|http://snomed.info/sct|amended|Amended|http://hl7.org/fhir/observation-status|96777-8|Accountable health communities (AHC) health-related social needs screening (HRSN) tool|http://loinc.org|1999-03-18T20:20:51.539131-03:00|96778-6|Think about the place you live. Do you have problems with any of the following?|http://loinc.org||Inadequate Housng||LA31999-8|Oven or stove not working|http://loinc.org|Yes
healthelink-testcase1-MRN1|CNYSCN|healthelinkCZ8BSG71LI1CC|IMP|inpatient encounter|http://terminology.hl7.org/CodeSystem/v3-ActCode|entered-in-error|Entered in Error|http://hl7.org/fhir/encounter-status|23918007|History taking, self-administered, by computer terminal|http://snomed.info/sct|amended|Amended|http://hl7.org/fhir/observation-status|96777-8|Accountable health communities (AHC) health-related social needs screening (HRSN) tool|http://loinc.org|1999-03-18T20:20:51.539131-03:00|88122-7|Within the past 12 months, you worried that your food would run out before you got money to buy more.|http://loinc.org||Food Insecurity||LA6729-3|Sometimes true|http://loinc.org|Yes
healthelink-testcase1-MRN1|CNYSCN|healthelinkCZ8BSG71LI1CC|IMP|inpatient encounter|http://terminology.hl7.org/CodeSystem/v3-ActCode|entered-in-error|Entered in Error|http://hl7.org/fhir/encounter-status|23918007|History taking, self-administered, by computer terminal|http://snomed.info/sct|amended|Amended|http://hl7.org/fhir/observation-status|96777-8|Accountable health communities (AHC) health-related social needs screening (HRSN) tool|http://loinc.org|1999-03-18T20:20:51.539131-03:00|88123-5|Within the past 12 months, the food you bought just didn't last and you didn't have money to get more.|http://loinc.org||Food Insecurity||LA28398-8|Never true|http://loinc.org|No
healthelink-testcase1-MRN1|CNYSCN|healthelinkCZ8BSG71LI1CC|IMP|inpatient encounter|http://terminology.hl7.org/CodeSystem/v3-ActCode|entered-in-error|Entered in Error|http://hl7.org/fhir/encounter-status|23918007|History taking, self-administered, by computer terminal|http://snomed.info/sct|amended|Amended|http://hl7.org/fhir/observation-status|96777-8|Accountable health communities (AHC) health-related social needs screening (HRSN) tool|http://loinc.org|1999-03-18T20:20:51.539131-03:00|93030-5|In the past 12 months, has lack of reliable transportation kept you from medical appointments, meetings, work or from getting things needed for daily living?|http://loinc.org||Transportation Insecurity||LA32-8|No|http://loinc.org|No
healthelink-testcase1-MRN1|CNYSCN|healthelinkCZ8BSG71LI1CC|IMP|inpatient encounter|http://terminology.hl7.org/CodeSystem/v3-ActCode|entered-in-error|Entered in Error|http://hl7.org/fhir/encounter-status|23918007|History taking, self-administered, by computer terminal|http://snomed.info/sct|amended|Amended|http://hl7.org/fhir/observation-status|96777-8|Accountable health communities (AHC) health-related social needs screening (HRSN) tool|http://loinc.org|1999-03-18T20:20:51.539131-03:00|96779-4|In the past 12 months has the electric, gas, oil, or water company threatened to shut off services in your home?|http://loinc.org||Utility Insecurity||LA32-8|No|http://loinc.org|No
healthelink-testcase1-MRN1|CNYSCN|healthelinkCZ8BSG71LI1CC|IMP|inpatient encounter|http://terminology.hl7.org/CodeSystem/v3-ActCode|entered-in-error|Entered in Error|http://hl7.org/fhir/encounter-status|23918007|History taking, self-administered, by computer terminal|http://snomed.info/sct|amended|Amended|http://hl7.org/fhir/observation-status|96777-8|Accountable health communities (AHC) health-related social needs screening (HRSN) tool|http://loinc.org|1999-03-18T20:20:51.539131-03:00|95618-5|How often does anyone, including family and friends, physically hurt you?|http://loinc.org||Interpersonal Safety||LA10082-8|Sometimes|http://loinc.org|NA
healthelink-testcase1-MRN1|CNYSCN|healthelinkCZ8BSG71LI1CC|IMP|inpatient encounter|http://terminology.hl7.org/CodeSystem/v3-ActCode|entered-in-error|Entered in Error|http://hl7.org/fhir/encounter-status|23918007|History taking, self-administered, by computer terminal|http://snomed.info/sct|amended|Amended|http://hl7.org/fhir/observation-status|96777-8|Accountable health communities (AHC) health-related social needs screening (HRSN) tool|http://loinc.org|1999-03-18T20:20:51.539131-03:00|95617-7|How often does anyone, including family and friends, insult or talk down to you?|http://loinc.org||Interpersonal Safety||LA10066-1|Rarely|http://loinc.org|NA
healthelink-testcase1-MRN1|CNYSCN|healthelinkCZ8BSG71LI1CC|IMP|inpatient encounter|http://terminology.hl7.org/CodeSystem/v3-ActCode|entered-in-error|Entered in Error|http://hl7.org/fhir/encounter-status|23918007|History taking, self-administered, by computer terminal|http://snomed.info/sct|amended|Amended|http://hl7.org/fhir/observation-status|96777-8|Accountable health communities (AHC) health-related social needs screening (HRSN) tool|http://loinc.org|1999-03-18T20:20:51.539131-03:00|95616-9|How often does anyone, including family and friends, threaten you with harm?|http://loinc.org||Interpersonal Safety||LA10066-1|Rarely|http://loinc.org|NA
healthelink-testcase1-MRN1|CNYSCN|healthelinkCZ8BSG71LI1CC|IMP|inpatient encounter|http://terminology.hl7.org/CodeSystem/v3-ActCode|entered-in-error|Entered in Error|http://hl7.org/fhir/encounter-status|23918007|History taking, self-administered, by computer terminal|http://snomed.info/sct|amended|Amended|http://hl7.org/fhir/observation-status|96777-8|Accountable health communities (AHC) health-related social needs screening (HRSN) tool|http://loinc.org|1999-03-18T20:20:51.539131-03:00|95615-1|How often does anyone, including family and friends, scream or curse at you?|http://loinc.org||Interpersonal Safety||LA6482-9|Frequently|http://loinc.org|NA
healthelink-testcase1-MRN1|CNYSCN|healthelinkCZ8BSG71LI1CC|IMP|inpatient encounter|http://terminology.hl7.org/CodeSystem/v3-ActCode|entered-in-error|Entered in Error|http://hl7.org/fhir/encounter-status|23918007|History taking, self-administered, by computer terminal|http://snomed.info/sct|amended|Amended|http://hl7.org/fhir/observation-status|96777-8|Accountable health communities (AHC) health-related social needs screening (HRSN) tool|http://loinc.org|1999-03-18T20:20:51.539131-03:00|95614-4|Total Safety Score|http://loinc.org|{score}|Interpersonal Safety|||12||Yes
healthelink-testcase1-MRN1|CNYSCN|healthelinkS8KXK30S8W1CC|IMP|inpatient encounter|http://terminology.hl7.org/CodeSystem/v3-ActCode|entered-in-error|Entered in Error|http://hl7.org/fhir/encounter-status|23918007|History taking, self-administered, by computer terminal|http://snomed.info/sct|amended|Amended|http://hl7.org/fhir/observation-status|97023-6|Accountable health communities (AHC) health-related social needs (HRSN) supplemental questions|http://loinc.org|1979-09-18T19:25:23.479719+03:00|76513-1|How hard is it for you to pay for the very basics like food, housing, medical care, and heating? Would you say it is|http://loinc.org||Financial Insecurity||LA22683-9|Somewhat hard|http://loinc.org|Yes
healthelink-testcase1-MRN1|CNYSCN|healthelinkS8KXK30S8W1CC|IMP|inpatient encounter|http://terminology.hl7.org/CodeSystem/v3-ActCode|entered-in-error|Entered in Error|http://hl7.org/fhir/encounter-status|23918007|History taking, self-administered, by computer terminal|http://snomed.info/sct|amended|Amended|http://hl7.org/fhir/observation-status|97023-6|Accountable health communities (AHC) health-related social needs (HRSN) supplemental questions|http://loinc.org|1979-09-18T19:25:23.479719+03:00|96780-2|Do you want help finding or keeping work or a job?|http://loinc.org||Employment Status||LA31983-2|I do not need or want help|http://loinc.org|No
healthelink-testcase1-MRN1|CNYSCN|healthelinkS8KXK30S8W1CC|IMP|inpatient encounter|http://terminology.hl7.org/CodeSystem/v3-ActCode|entered-in-error|Entered in Error|http://hl7.org/fhir/encounter-status|23918007|History taking, self-administered, by computer terminal|http://snomed.info/sct|amended|Amended|http://hl7.org/fhir/observation-status|97023-6|Accountable health communities (AHC) health-related social needs (HRSN) supplemental questions|http://loinc.org|1979-09-18T19:25:23.479719+03:00|96781-0|If for any reason you need help with day-to-day activities such as bathing, preparing meals, shopping, managing finances, etc., do you get the help you need?|http://loinc.org||Social Connection||LA31977-4|I get all the help I need|http://loinc.org|No
healthelink-testcase1-MRN1|CNYSCN|healthelinkS8KXK30S8W1CC|IMP|inpatient encounter|http://terminology.hl7.org/CodeSystem/v3-ActCode|entered-in-error|Entered in Error|http://hl7.org/fhir/encounter-status|23918007|History taking, self-administered, by computer terminal|http://snomed.info/sct|amended|Amended|http://hl7.org/fhir/observation-status|97023-6|Accountable health communities (AHC) health-related social needs (HRSN) supplemental questions|http://loinc.org|1979-09-18T19:25:23.479719+03:00|93159-2|How often do you feel lonely or isolated from those around you?|http://loinc.org||Social Connection||LA9933-8|Always|http://loinc.org|Yes
healthelink-testcase1-MRN1|CNYSCN|healthelinkS8KXK30S8W1CC|IMP|inpatient encounter|http://terminology.hl7.org/CodeSystem/v3-ActCode|entered-in-error|Entered in Error|http://hl7.org/fhir/encounter-status|23918007|History taking, self-administered, by computer terminal|http://snomed.info/sct|amended|Amended|http://hl7.org/fhir/observation-status|97023-6|Accountable health communities (AHC) health-related social needs (HRSN) supplemental questions|http://loinc.org|1979-09-18T19:25:23.479719+03:00|97027-7|Do you speak a language other than English at home?|http://loinc.org||Language Accessibility||LA33-6|Yes|http://loinc.org|Yes
healthelink-testcase1-MRN1|CNYSCN|healthelinkS8KXK30S8W1CC|IMP|inpatient encounter|http://terminology.hl7.org/CodeSystem/v3-ActCode|entered-in-error|Entered in Error|http://hl7.org/fhir/encounter-status|23918007|History taking, self-administered, by computer terminal|http://snomed.info/sct|amended|Amended|http://hl7.org/fhir/observation-status|97023-6|Accountable health communities (AHC) health-related social needs (HRSN) supplemental questions|http://loinc.org|1979-09-18T19:25:23.479719+03:00|96782-8|Do you want help with school or training? For example, starting or completing job training or getting a high school diploma, GED or equivalent.|http://loinc.org||Education Attainment||LA32-8|No|http://loinc.org|No
healthelink-testcase1-MRN1|CNYSCN|healthelinkS8KXK30S8W1CC|IMP|inpatient encounter|http://terminology.hl7.org/CodeSystem/v3-ActCode|entered-in-error|Entered in Error|http://hl7.org/fhir/encounter-status|23918007|History taking, self-administered, by computer terminal|http://snomed.info/sct|amended|Amended|http://hl7.org/fhir/observation-status|97023-6|Accountable health communities (AHC) health-related social needs (HRSN) supplemental questions|http://loinc.org|1979-09-18T19:25:23.479719+03:00|89555-7|In the last 30 days, other than the activities you did for work, on average, how many days per week did you engage in moderate exercise (like walking fast, running, jogging, dancing, swimming, biking, or other similar activities)|http://loinc.org|d/wk|Physical Activity||LA6115-5|4|http://loinc.org|NA
healthelink-testcase1-MRN1|CNYSCN|healthelinkS8KXK30S8W1CC|IMP|inpatient encounter|http://terminology.hl7.org/CodeSystem/v3-ActCode|entered-in-error|Entered in Error|http://hl7.org/fhir/encounter-status|23918007|History taking, self-administered, by computer terminal|http://snomed.info/sct|amended|Amended|http://hl7.org/fhir/observation-status|97023-6|Accountable health communities (AHC) health-related social needs (HRSN) supplemental questions|http://loinc.org|1979-09-18T19:25:23.479719+03:00|68516-4|On average, how many minutes did you usually spend exercising at this level on one of those days?|http://loinc.org|min/d|Physical Activity||LA19282-5|20|http://loinc.org|NA
healthelink-testcase1-MRN1|CNYSCN|healthelinkS8KXK30S8W1CC|IMP|inpatient encounter|http://terminology.hl7.org/CodeSystem/v3-ActCode|entered-in-error|Entered in Error|http://hl7.org/fhir/encounter-status|23918007|History taking, self-administered, by computer terminal|http://snomed.info/sct|amended|Amended|http://hl7.org/fhir/observation-status|97023-6|Accountable health communities (AHC) health-related social needs (HRSN) supplemental questions|http://loinc.org|1979-09-18T19:25:23.479719+03:00||Calculated weekly physical activity||min/wk|Physical Activity|||80||No
healthelink-testcase1-MRN1|CNYSCN|healthelinkS8KXK30S8W1CC|IMP|inpatient encounter|http://terminology.hl7.org/CodeSystem/v3-ActCode|entered-in-error|Entered in Error|http://hl7.org/fhir/encounter-status|23918007|History taking, self-administered, by computer terminal|http://snomed.info/sct|amended|Amended|http://hl7.org/fhir/observation-status|97023-6|Accountable health communities (AHC) health-related social needs (HRSN) supplemental questions|http://loinc.org|1979-09-18T19:25:23.479719+03:00|68517-2|How many times in the past 12 months have you had 5 or more drinks in a day (males) or 4 or more drinks in a day (females)?|http://loinc.org|{#}/a|Substance Use (Alcohol Use)||LA18876-5|Monthly|http://loinc.org|Yes
healthelink-testcase1-MRN1|CNYSCN|healthelinkS8KXK30S8W1CC|IMP|inpatient encounter|http://terminology.hl7.org/CodeSystem/v3-ActCode|entered-in-error|Entered in Error|http://hl7.org/fhir/encounter-status|23918007|History taking, self-administered, by computer terminal|http://snomed.info/sct|amended|Amended|http://hl7.org/fhir/observation-status|97023-6|Accountable health communities (AHC) health-related social needs (HRSN) supplemental questions|http://loinc.org|1979-09-18T19:25:23.479719+03:00|96842-0|How many times in the past 12 months have you used tobacco products (like cigarettes, cigars, snuff, chew, electronic cigarettes)?|http://loinc.org|{#}/a|Substance Use (Tobacco Use)||LA26460-8|Once or Twice|http://loinc.org|Yes
healthelink-testcase1-MRN1|CNYSCN|healthelinkS8KXK30S8W1CC|IMP|inpatient encounter|http://terminology.hl7.org/CodeSystem/v3-ActCode|entered-in-error|Entered in Error|http://hl7.org/fhir/encounter-status|23918007|History taking, self-administered, by computer terminal|http://snomed.info/sct|amended|Amended|http://hl7.org/fhir/observation-status|97023-6|Accountable health communities (AHC) health-related social needs (HRSN) supplemental questions|http://loinc.org|1979-09-18T19:25:23.479719+03:00|95530-2|How many times in the past year have you used prescription drugs for non-medical reasons?|http://loinc.org|{#}/a|Substance Use||LA6270-8|Never|http://loinc.org|No
healthelink-testcase1-MRN1|CNYSCN|healthelinkS8KXK30S8W1CC|IMP|inpatient encounter|http://terminology.hl7.org/CodeSystem/v3-ActCode|entered-in-error|Entered in Error|http://hl7.org/fhir/encounter-status|23918007|History taking, self-administered, by computer terminal|http://snomed.info/sct|amended|Amended|http://hl7.org/fhir/observation-status|97023-6|Accountable health communities (AHC) health-related social needs (HRSN) supplemental questions|http://loinc.org|1979-09-18T19:25:23.479719+03:00|68524-8|How many times in the past year have you used illegal drugs?|http://loinc.org||Substance Use||LA18891-4|Weekly|http://loinc.org|Yes
healthelink-testcase1-MRN1|CNYSCN|healthelinkS8KXK30S8W1CC|IMP|inpatient encounter|http://terminology.hl7.org/CodeSystem/v3-ActCode|entered-in-error|Entered in Error|http://hl7.org/fhir/encounter-status|23918007|History taking, self-administered, by computer terminal|http://snomed.info/sct|amended|Amended|http://hl7.org/fhir/observation-status|97023-6|Accountable health communities (AHC) health-related social needs (HRSN) supplemental questions|http://loinc.org|1979-09-18T19:25:23.479719+03:00|44250-9|Little interest or pleasure in doing things?|http://loinc.org||Mental Health (Depression)||LA6568-5|Not at all|http://loinc.org|NA
healthelink-testcase1-MRN1|CNYSCN|healthelinkS8KXK30S8W1CC|IMP|inpatient encounter|http://terminology.hl7.org/CodeSystem/v3-ActCode|entered-in-error|Entered in Error|http://hl7.org/fhir/encounter-status|23918007|History taking, self-administered, by computer terminal|http://snomed.info/sct|amended|Amended|http://hl7.org/fhir/observation-status|97023-6|Accountable health communities (AHC) health-related social needs (HRSN) supplemental questions|http://loinc.org|1979-09-18T19:25:23.479719+03:00|44255-8|Feeling down, depressed, or hopeless?|http://loinc.org||Mental Health (Depression)||LA6571-9|Nearly every day|http://loinc.org|NA
healthelink-testcase1-MRN1|CNYSCN|healthelinkS8KXK30S8W1CC|IMP|inpatient encounter|http://terminology.hl7.org/CodeSystem/v3-ActCode|entered-in-error|Entered in Error|http://hl7.org/fhir/encounter-status|23918007|History taking, self-administered, by computer terminal|http://snomed.info/sct|amended|Amended|http://hl7.org/fhir/observation-status|97023-6|Accountable health communities (AHC) health-related social needs (HRSN) supplemental questions|http://loinc.org|1979-09-18T19:25:23.479719+03:00||Calculated mental health score|||Mental Health (Depression)|||3||Yes
healthelink-testcase1-MRN1|CNYSCN|healthelinkS8KXK30S8W1CC|IMP|inpatient encounter|http://terminology.hl7.org/CodeSystem/v3-ActCode|entered-in-error|Entered in Error|http://hl7.org/fhir/encounter-status|23918007|History taking, self-administered, by computer terminal|http://snomed.info/sct|amended|Amended|http://hl7.org/fhir/observation-status|97023-6|Accountable health communities (AHC) health-related social needs (HRSN) supplemental questions|http://loinc.org|1979-09-18T19:25:23.479719+03:00|93038-8|Stress means a situation in which a person feels tense, restless, nervous, or anxious, or is unable to sleep at night because his or her mind is troubled all the time. Do you feel this kind of stress these days?|http://loinc.org||Stress||LA13914-9|Very much|http://loinc.org|Yes
healthelink-testcase1-MRN1|CNYSCN|healthelinkS8KXK30S8W1CC|IMP|inpatient encounter|http://terminology.hl7.org/CodeSystem/v3-ActCode|entered-in-error|Entered in Error|http://hl7.org/fhir/encounter-status|23918007|History taking, self-administered, by computer terminal|http://snomed.info/sct|amended|Amended|http://hl7.org/fhir/observation-status|97023-6|Accountable health communities (AHC) health-related social needs (HRSN) supplemental questions|http://loinc.org|1979-09-18T19:25:23.479719+03:00|69858-9|Because of a physical, mental, or emotional condition, do you have serious difficulty concentrating, remembering, or making decisions?|http://loinc.org||Disability||LA32-8|No|http://loinc.org|No
healthelink-testcase1-MRN1|CNYSCN|healthelinkS8KXK30S8W1CC|IMP|inpatient encounter|http://terminology.hl7.org/CodeSystem/v3-ActCode|entered-in-error|Entered in Error|http://hl7.org/fhir/encounter-status|23918007|History taking, self-administered, by computer terminal|http://snomed.info/sct|amended|Amended|http://hl7.org/fhir/observation-status|97023-6|Accountable health communities (AHC) health-related social needs (HRSN) supplemental questions|http://loinc.org|1979-09-18T19:25:23.479719+03:00|69861-3|Because of a physical, mental, or emotional condition, do you have difficulty doing errands alone such as visiting a physician's office or shopping|http://loinc.org||Disability||LA32-8|No|http://loinc.org|No
